Région,Parc de Locaux,Année,Raccordables,Abonnés
Guadeloupe-St Martin-St Barth,330123,2021,106216,30000
Guadeloupe-St Martin-St Barth,330123,2022,183730,52000
Guadeloupe-St Martin-St Barth,330123,2023,232647,85000
Guadeloupe-St Martin-St Barth,330123,2024,276913,118000
Guadeloupe-St Martin-St Barth,330123,2025,306124,145000
Martinique,250164,2021,70148,25000
Martinique,250164,2022,104363,36000
Martinique,250164,2023,132149,54000
Martinique,250164,2024,148728,72000
Martinique,250164,2025,171283,90000
