Région,Parc de Locaux,Année,Abonnés,Raccordables,Taux_couverture,Take-up
Guadeloupe-St Martin-St Barth,330123,2021,30000,106216,0.3217467428806839,0.2824433230398433
Guadeloupe-St Martin-St Barth,330123,2022,52000,183730,0.5565501343438658,0.28302400261252925
Guadeloupe-St Martin-St Barth,330123,2023,85000,232647,0.7047282376568733,0.3653603957927676
Guadeloupe-St Martin-St Barth,330123,2024,118000,276913,0.8388176528142541,0.42612661738524377
Guadeloupe-St Martin-St Barth,330123,2025,145000,306124,0.9273028537848014,0.47366426676771506
Martinique,250164,2021,25000,70148,0.2804080523176796,0.35638934823515994
Martinique,250164,2022,36000,104363,0.41717833101485424,0.34494983854431166
Martinique,250164,2023,54000,132149,0.5282494683487632,0.4086296528918115
Martinique,250164,2024,72000,148728,0.5945219935722166,0.48410521219945135
Martinique,250164,2025,90000,171283,0.6846828480516781,0.525446191390856
